Feature,Importance
TransactionID,0.38117195457782577
Amount,0.2581543250360119
MerchantID,0.19970424630547798
TransactionType,0.061187084581375936
Location,0.09978238949930834
